50 Cent,
A Tribe Called Quest,
A$AP Rocky,
Ace Hood,
Anderson .Paak,
Andr√© 3000,
Benny The Butcher,
Big L,
Big Pun,
BJ the Chicago Kid,
Black Thought,
Bow Wow,
BROCKHAMPTON,
Busta Rhymes,
Canibus,
Chance the Rapper,
Chuck D,
Common,
Coolio,
De La Soul,
DMX,
Dr. Dre,
Eazy-E,
Eminem,
Eric B. & Rakim,
Fabolous,
Fat Joe,
Guru,
GZA,
Havoc,
Hopsin,
Ice Cube,
Immortal Technique,
Inspectah Deck,
J. Cole,
Ja Rule,
Jay Rock,
JAY-Z,
Jeremih,
Joey Bada$$,
Joyner Lucas,
Juice WRLD,
K.A.A.N,
Kendrick Lamar,
killer mike,
Kool G Rap,
Krayzie Bone,
KRS-One,
Kurupt,
LL Cool J,
Logic,
M.O.P.,
Machine Gun Kelly,
Mase,
Masta Ace,
MC Ren,
Method Man,
MF DOOM,
Mobb Deep,
Mos Def,
N.O.R.E.,
N.W.A,
Nas,
NAV,
Obie Trice,
Ol' Dirty Bastard,
OutKast,
Papoose,
Pharoahe Monch,
Prodigy,
Proof,
Q-tip,
Raekwon,
Rakim,
Redman,
Royce da 5'9'',
Run B,
RZA,
Scarface,
ScHoolboy Q,
Snoop Dogg,
The D.O.C,
The Game,
The Notorious B.I.G.,
The Pharcyde,
The Roots,
Three 6 Mafia,
Tony Yayo,
Too $hort,
Trippie Redd,
Twista,
Vince Staples,
Warren G,
Wu-Tang Clan,
Xzibit,
YBN Cordae,
2Pac